name,ac_price,non_ac_price,airport_id
Randa,1017,1103,25
Norrie,2677,3891,91
Franky,3334,4022,32
Cletus,3189,4370,30
Gilemette,1524,4732,100
Aloise,1733,2845,52
Reuben,2613,3237,82
Stanislaw,4834,1214,55
Joellen,3334,4207,112
Dedra,4271,1185,74
Sallyann,4907,4828,81
Risa,3165,4456,94
Bordie,4088,2523,13
Harlene,4965,1084,126
Siobhan,2245,3551,92
Evyn,4256,2849,16
Jackqueline,2061,1799,12
Foster,1454,4571,119
Gussi,3986,2783,26
Giulio,1981,4949,16
Deny,2885,4988,127
Rufus,4376,4620,114
Sergio,2845,1088,105
Lib,2498,3033,34
Noelyn,2396,2409,36
Cyndi,3435,3543,116
Alyson,4568,2966,116
Micah,1951,3512,9
Leonard,1461,4994,45
Bartram,4347,3503,62
Franky,2766,1802,81
Allina,1112,3625,66
Feliks,2871,1158,80
Ragnar,2413,1997,110
Holly,4810,1393,41
Lu,3903,1175,53
Mitchael,2758,4216,15
Lammond,1513,4088,61
Gina,2260,1064,109
Giulietta,2142,1273,118
Schuyler,1337,1096,55
Codie,4598,2514,65
Bartholemy,4736,2817,99
Wallas,1164,3579,97
Alaster,1634,1073,110
Penelope,3810,1637,81
Marinna,2163,4338,87
Melesa,3959,1038,104
Almeda,1881,4701,47
Krisha,1009,3206,34
Lib,4770,4774,127
Elias,1225,4379,122
Edin,1665,1284,100
Linea,1764,3644,32
Orel,4339,2803,6
Pearce,4301,2118,81
Teddi,1575,4785,38
Ivie,2977,2973,61
Ned,4806,4146,15
Gearard,3430,4062,61
Alwin,2246,4238,119
Allan,1928,1782,77
Verine,3249,1360,59
Boyce,1762,1595,47
Woodrow,4493,2384,55
Archibold,3650,1661,40
Klarrisa,3619,4195,88
Ignatius,2502,2040,57
Ximenez,2449,2497,42
Reagan,1966,4022,92
Annnora,3679,3517,11
Mathe,4742,2367,55
Daffy,4374,2494,75
Gilligan,1193,3189,85
Hendrik,3534,2716,11
Delinda,2587,4916,117
Marris,4502,1146,46
Bale,1401,2313,77
Essa,3115,3291,31
Ravid,3195,1129,34
Christian,2362,1299,49
Kristal,2109,4577,86
Adria,1674,4577,93
Jo-anne,2831,3823,12
Joice,3014,3215,50
Othilia,2027,4366,48
Tiena,1186,2030,119
Neilla,4215,1680,14
Charmine,2858,4753,114
Elfrida,2022,3125,24
Olivie,2243,1793,10
Gunar,2553,2697,18
Ody,2840,3792,113
Arlyn,4581,2603,23
Elton,4010,4678,85
Marcelo,1248,3534,65
Nolly,3247,2176,106
Mickey,4707,2890,64
York,1046,4950,56
Harley,2573,1558,31
Humphrey,2857,2985,123
Cecil,2575,3248,26
Lenore,4366,4413,121
Wilt,4542,1566,78
Jeff,4289,2151,63
Tamiko,2522,1252,123
Elmer,1562,3975,80
Alfy,2587,3580,95
Alwyn,1823,1215,67
Blanca,3996,1791,18
Susanetta,2789,4328,25
Lucienne,1918,4339,103
Dame,3242,3558,19
Gene,4963,3223,9
Allyn,3815,1595,78
Birdie,2194,3789,23
Ladonna,3448,4137,64
Marcy,2345,3931,5
Augustine,2511,4000,118
Elberta,4715,4614,56
Dorolice,3296,4628,35
Daron,1723,3879,53
Stacey,4901,1927,30
Tabb,2137,2536,95
Raven,2664,2538,115
Arlee,2130,1456,124
Ivett,3543,3102,79
Matti,4011,3454,49
Ottilie,3479,4400,112
Alejoa,2683,4654,70
Philly,3145,3552,110
Sigmund,3752,4674,87
Brandice,3113,2897,113
Guinevere,2061,1773,114
Robbi,1400,1146,126
Carmelle,1079,1104,9
Langston,3041,2858,124
Babbie,1780,4950,27
Ruy,4303,3672,44
Julienne,3169,3902,101
Codi,3290,1700,14
Clem,3803,1420,13
Maressa,2435,2155,95
Eben,4326,4072,52
Ban,4154,2676,65
Billy,4536,3834,55
Perry,4570,4696,67
Lief,2564,2388,50
Vivianne,4172,3949,111
Calv,1422,2352,100
Tiphanie,3461,3902,26
Winny,2864,3828,67
Hilliary,2099,3755,96
Fredericka,4476,2582,23
Augustus,1502,4429,32
Klarrisa,1042,4870,90
Isaiah,1330,4468,99
Durand,3874,4482,55
Bartolemo,3995,1165,51
Gavrielle,1689,2361,27
Mandy,1233,2070,24
Alwyn,2673,3555,9
Merwyn,2836,4920,9
Farrand,3740,4783,44
Shantee,2068,1890,64
Hy,2561,2387,58
Clifford,1288,1606,78
Valerye,1497,2264,90
Anderson,4824,4150,89
Nataniel,3433,1755,26
Valenka,1617,3638,31
Aldis,1109,3738,12
Shena,1778,3508,44
Lenora,3899,4727,23
Darelle,4195,2195,33
Josephina,4233,1273,7
Guss,2039,1759,127
Osgood,4041,2866,42
Aurelea,1097,4128,91
Bert,2158,1543,19
Hattie,4101,2043,12
Dore,1989,1217,55
Eva,4830,2663,35
Alethea,1325,1978,120
Dillon,4703,1209,51
Israel,3259,2957,73
Bonnie,1242,3131,47
Aubrie,2325,3076,52
Walden,3555,4947,106
Merle,2568,4431,81
Stillmann,3137,1200,88
Aeriel,3532,3184,27
Issie,4780,4877,99
Linette,3246,2207,42
Anastasia,4581,3026,98
Sauveur,2186,1505,99
Suzie,4924,3505,104
Kristos,4785,4887,105
Ozzy,1816,2327,82
Bel,1119,2098,73
